{"cameraMode":{"drawMode":0,"name":"Shaded","section":"Shading Mode"},"sceneLighting":false,"audioPlay":false,"sceneViewState":{"m_AlwaysRefresh":false,"showFog":true,"showSkybox":false,"showFlares":true,"showImageEffects":true,"showParticleSystems":true,"showVisualEffectGraphs":true,"m_FxEnabled":true},"in2DMode":false,"pivot":{"x":1.3170000314712525,"y":4.745999813079834,"z":-0.33899998664855959},"rotation":{"x":-0.00440983148291707,"y":-0.20758287608623506,"z":0.0009389881743118167,"w":-0.9782223105430603},"size":0.17320503294467927,"orthographic":false}